5203	会计及相关服务
1402	航空航天工程
101	农业企业与管理
1403	农业工程
102	农业机械化
103	农业生产经营
108	农业公共服务
105	农业与家畜服务
104	农产品与食品加工
199	农业/动物/植物/兽医科学及相关
100	农学（综合）
113	农学/兽医预科
4901	航空运输
5109	辅助医疗诊断、干预与治疗
5108	辅助医疗与医疗助理服务
5133	替代/补充医学
1616	美国手语
109	动物科学
4502	人类学
1909	服装与纺织
106	应用园艺与园艺商业
2703	应用数学
4503	考古学
1404	建筑工程（结构/设备）
1501	建筑工程技术
408	建筑史、评论与保护
409	建筑科学与技术
402	建筑学
499	建筑学及相关
501	区域研究
5010	艺术、娱乐与传媒管理
4002	天文学与天体物理
4004	大气科学与气象学
1002	视听传播技术
3017	行为科学
3902	圣经研究
1302	双语、多语与多元文化教育
1443	生化工程
2602	生物化学、生物物理与分子生物学
2699	生物与生物医学科学（其他）
3001	生物与物理科学
1445	生物/生物系统工程
2601	生物学（综合）
4101	生物技术（技术类）
2611	生物数学、生物信息学与计算生物学
1405	生物医学工程
3010	生物心理学
2612	生物技术
2603	植物学/植物生物学
4604	建筑装修、管理与检验
5202	工商管理与运营
5204	商务运营支持与助理服务
5299	商科、管理、市场营销及相关（其他）
5201	商科（综合）
5205	商务/企业传播
5206	商业/管理经济学
2604	细胞生物学与解剖科学
1406	陶瓷科学与工程
1407	化学工程
4005	化学
403	城市、社区与区域规划
1408	土木工程
1502	土木工程技术
3022	古典与古代研究
1612	古典学与古典语言文学
4228	临床、咨询与应用心理学
5110	临床/医学检验科学
3025	认知科学
5102	沟通障碍科学与服务（言语听力）
901	传播与媒体研究
999	传播、新闻及相关（其他）
1001	传播技术
1099	传播技术与支持服务（其他）
4402	社区组织与倡导
1409	计算机工程
1512	计算机工程技术
1102	计算机编程
1107	计算机科学
1108	计算机软件与媒体应用
1105	计算机系统分析
1109	计算机网络与电信
1199	计算机与信息科学（其他）
1101	计算机与信息科学（综合）
1110	信息技术管理
1433	建造工程
1510	建造工程技术
5220	建筑施工管理
4699	建筑行业（其他）
5002	工艺设计、民间艺术与手工艺
4301	刑事司法与矫正
4504	犯罪学
1205	烹饪艺术及相关服务
3026	文化研究/批判理论
1303	课程与教学
5003	舞蹈
1103	数据处理
5106	牙科辅助服务
5004	设计与应用艺术
5131	营养学与临床营养
1513	制图/设计工程技术
5005	戏剧/舞台艺术
1603	东亚语言文学与语言学
2613	生态学、进化与种群生物学
4506	经济学
1301	教育学（综合）
1399	教育学（其他）
1304	教育管理与督导
1306	教育评估、测评与研究
1305	教育/教学媒体设计
1410	电气、电子与通信工程
1503	电气/电子工程技术
1441	机电工程
1504	机电技术
1517	能源系统技术
5137	能量与生物疗法
1411	工程力学
1412	工程物理
1413	工程科学
1500	工程技术（综合）
1499	工程（其他）
1515	工程相关领域
1511	工程相关技术
1599	工程/工程技术（其他）
2301	英语语言文学（综合）
2399	英语语言文学（其他）
5207	创业与小企业经营
1505	环境控制技术
404	环境设计
1414	环境/环境卫生工程
302	环境/自然资源管理与政策
502	族裔、文化、性别与群体研究
1904	家庭与消费经济学
1902	家政与人类科学商业服务
1901	家政与人类科学（综合）
5006	电影/视频与摄影艺术
5208	金融与财务管理
5007	美术与工作室艺术
4302	消防
303	渔业科学与管理
110	食品科学与技术
1905	食品营养及相关服务
1699	外国语言文学（其他）
1434	森林工程
305	林学
1203	殡葬服务与殡葬科学
5218	商品销售与市场营销运营
2608	遗传学
4507	地理学与制图学
3044	地理与环境研究
4006	地质与地球科学
1439	地质/地球物理工程
1605	日耳曼语言文学与语言学
3011	老年学
1003	图文传播
5199	卫生职业与临床科学（其他）
5100	健康科学/辅助医疗（综合）
5107	卫生与医疗行政服务
5111	医学预科
3012	历史遗产保护
5401	历史学
4303	国土安全
4399	国土安全、执法、消防及相关（其他）
5209	酒店管理
1906	住房与人居环境
3027	人类生物学
3031	人机交互
1907	人类发展与家庭研究
5210	人力资源管理
4400	公共服务（综合）
1435	工业工程
4703	工业设备维护技术
1506	工业生产技术
1104	信息科学
5217	保险
2902	情报、指挥控制与信息作战
3023	跨文化/多元文化研究
405	室内建筑
107	国际农业
5211	国际商务
4509	国际关系与国家安全研究
1307	国际与比较教育
3020	国际/全球化研究
904	新闻学
406	景观建筑
2299	法律职业与研究（其他）
2202	法学研究与高级专业研究
2203	法律辅助服务
3601	休闲与娱乐活动
2401	文理通识/人文学科
2501	图书馆学
1601	语言学、比较语言学及相关
2314	文学
5212	管理信息系统
5213	管理科学与定量方法
1436	制造工程
3032	海洋科学
4903	海洋运输
3029	海事研究
5214	市场营销
1418	材料工程
4010	材料科学
2701	数学
3008	数学与计算机科学
2799	数学与统计（其他）
1419	机械工程
1508	机械工程相关技术
1442	机电一体化、机器人与自动化工程
5127	医学插画与医学信息学
5112	医学
5115	心理与社会健康服务
1420	冶金工程
2605	微生物学与免疫学
1611	中东/近东与闪米特语言文学
2904	军事系统与维护技术
1421	采矿与矿物工程
1509	采矿与石油技术
3903	宣教学
5136	运动与身心疗法
3000	跨学科研究（综合）
3099	跨学科研究（其他）
5009	音乐
301	自然资源保护与研究
399	自然资源与保护（其他）
3018	自然科学
1422	船舶与海洋工程
2615	神经生物学与神经科学
2200	非职业法律研究
1423	核工程
1514	核工程技术
3019	营养科学
1424	海洋工程
1437	运筹学
3106	户外教育
1440	造纸科学与工程
3103	公园、休闲设施管理
3101	公园、休闲与娱乐研究
3199	公园、休闲、健身与运动学（其他）
3907	教牧辅导与专门事工
3005	和平研究与冲突解决
1425	石油工程
2610	药理学与毒理学
5120	药学、药物科学与药事管理
3801	哲学
3899	哲学与宗教研究（其他）
4001	物理科学（综合）
4099	物理科学（其他）
4008	物理学
2609	生理学、病理学及相关
111	植物科学
4510	政治学
1432	高分子/塑料工程
4201	心理学（综合）
4299	心理学（其他）
4404	公共管理
4499	公共管理与社会服务（其他）
5122	公共卫生
4405	公共政策分析
909	公共关系、广告与应用传播
1507	质量控制与安全技术
907	广播电视与数字传播
5215	房地产
410	房地产开发
5138	护理学
5123	康复与治疗
3802	宗教学
3904	宗教教育
3905	宗教音乐与敬拜
4227	实验心理学
2313	修辞与写作
1609	罗曼语族语言文学与语言学
4100	科学技术（综合）
4199	科学技术（其他）
3015	科学、技术与社会
4304	安全科学与技术
1604	斯拉夫、波罗的海与阿尔巴尼亚语言文学
4501	社会科学（综合）
4599	社会科学（其他）
4407	社会工作
1309	教育的社会与哲学基础
4511	社会学
4513	社会学与人类学
112	土壤科学
1310	特殊教育
5219	专业销售与市场营销运营
3105	体育、运动学与健身
2705	统计学
1438	测绘工程
3033	可持续发展研究
1427	系统工程
3006	系统科学与理论
1312	教师教育（特定学段与方法）
1313	教师教育（特定学科）
1314	英语/法语作为第二语言教学
1428	纺织科学与工程
3906	神学与牧职研究
3999	神学与宗教职业（其他）
4512	城市研究
4706	车辆维修技术
181	兽医生物医学与临床科学
183	兽医/动物健康技术
5001	视觉与表演艺术（综合）
5099	视觉与表演艺术（其他）
306	野生动物与荒野科学管理
4807	木工
2607	动物学
1401	工程学（综合）
