3537	阿比林基督教大学
1541	亚伯拉罕·鲍德温农学院
7531	旧金山艺术大学
1345	亚当斯州立大学
2666	阿德菲大学
2234	艾德里安学院
31155	复临健康大学
1542	艾格尼丝·斯科特学院
1002	阿拉巴马农工大学
1005	阿拉巴马州立大学
2885	奥尔巴尼药学与健康科学学院
1544	奥尔巴尼州立大学
1374	阿尔伯图斯·马格努斯学院
2235	阿尔比恩学院
3229	奥尔布赖特学院
2396	奥尔康州立大学
3806	奥尔德森·布罗德斯大学
2668	阿尔弗雷德大学
3230	阿勒格尼学院
30691	艾伦学院
3417	艾伦大学
2790	联盟大学
2236	阿尔玛学院
3233	阿尔维尼亚大学
3832	阿尔维诺学院
1628	美国艺术学院（芝加哥）
21136	美国洲际大学
2114	美国国际学院
7572	美国音乐戏剧学院
38193	美国公立大学系统
1434	美利坚大学
32253	美国健康科学大学
2115	阿默斯特学院
1785	安德森大学（印第安纳）
3418	安德森大学（南卡罗来纳）
2238	安德鲁斯大学
3541	安吉洛州立大学
2117	安娜玛丽亚学院
3010	安提阿大学
7544	阿巴拉契亚圣经学院
2906	阿巴拉契亚州立大学
2239	阿奎那学院
3235	阿卡迪亚大学
7113	亚利桑那基督教大学
31150	亚利桑那护理学院（坦佩）
1081	亚利桑那州立大学
1090	阿肯色州立大学
1089	阿肯色理工大学
3011	辛辛那提艺术学院
1116	艺术中心设计学院
1952	阿斯伯里大学
1881	阿什福德大学
3012	阿什兰大学
40803	阿斯彭大学
2118	阿桑普申大学
1008	阿森斯州立大学
12165	亚特兰大都会州立学院
1009	奥本大学
8310	奥本大学蒙哥马利分校
2334	奥格斯堡大学
1579	奥古斯塔大学
1633	奥古斯塔纳学院
3458	奥古斯塔纳大学
6487	奥尔特曼护理与健康科学学院
1634	奥罗拉大学
3543	奥斯汀学院
3478	奥斯汀佩伊州立大学
39413	圣母玛利亚大学（佛罗里达）
3702	阿维雷特大学
2449	阿维拉大学
1117	阿祖萨太平洋大学
2121	百森商学院
4673	贝克学院
1903	贝克大学
3014	鲍德温华莱士大学
1786	波尔州立大学
34403	浸信会健康科学大学
6606	浸信会健康系统健康职业学院
21596	佛罗里达浸信会大学
2671	巴德学院
2708	巴纳德学院
6389	巴恩斯-犹太学院戈德法布护理学院
1466	巴里大学
2908	巴顿学院
22425	巴斯蒂尔大学
2036	贝茨学院
2122	贝帕斯大学
3965	贝州学院
3545	贝勒大学
41928	贝尔雅科夫塔木德神学院
2397	贝尔黑文大学
1954	贝拉明大学
3769	贝尔维尤学院
9743	贝尔维尤大学
6639	贝林学院
2910	贝尔蒙特修道院学院
3479	贝尔蒙特大学
3835	伯洛伊特学院
2336	贝米吉州立大学
3420	本尼迪克特学院
10256	本笃会学院
1767	本笃会大学
3682	本宁顿学院
2124	本特利大学
1955	伯里亚学院
7394	伯克利学院（纽约）
7502	伯克利学院（伍德兰帕克）
2126	伯克利音乐学院
1554	贝里学院
42272	阿特雷特托拉大经学院
7947	贝斯梅德拉什戈沃哈经学院
1904	伯大尼学院
42278	伯大尼环球大学
2337	伯大尼路德学院
1905	伯特利学院（北牛顿）
1787	伯特利大学（印第安纳）
9058	伯特利大学（明尼苏达）
3480	伯特利大学（田纳西）
1467	贝休恩-库克曼大学
2836	纽约州立大学宾汉姆顿分校
1122	拜欧拉大学
1012	伯明翰南方学院
2988	俾斯麦州立学院
3459	黑山州立大学
1639	布莱克本学院
6214	布莱辛·里曼护理与健康科学学院
2398	蓝山基督教大学
3809	布卢菲尔德州立大学
3703	布卢菲尔德大学
3016	布拉夫顿大学
3421	鲍勃·琼斯大学
22345	博伊西圣经学院
1616	博伊西州立大学
10043	邦塞库尔纪念护理学院
13029	博里库阿学院
3966	波士顿建筑学院
32483	波士顿浸信会学院
2128	波士顿学院
2130	波士顿大学
2038	鲍登学院
2062	鲍伊州立大学
3018	博林格林州立大学
1641	布拉德利大学
2133	布兰迪斯大学
1556	布雷诺大学
1958	布雷西亚大学
2912	布雷瓦德学院
1846	布莱尔克里夫大学
3704	布里奇沃特学院
2183	布里奇沃特州立大学
3670	杨百翰大学
1625	杨百翰大学爱达荷分校
22188	布鲁克林学院（凤凰城）
1500	布劳沃德学院
3401	布朗大学
6399	布莱恩健康科学学院
3536	布莱恩学院（代顿）
7164	布莱恩大学（亚利桑那）
30663	布莱恩大学（密苏里）
2678	布莱恩特与斯特拉顿学院（布法罗）
3402	布莱恩特大学
3228	新教会布林阿瑟恩学院
3237	布林茅尔学院
3238	巴克内尔大学
1847	布埃纳维斯塔大学
3208	布什内尔大学
1788	巴特勒大学
7273	纽约市立大学柏鲁克学院
2687	纽约市立大学布鲁克林学院
2688	纽约市立大学城市学院
2698	纽约市立大学史泰登岛学院
4765	纽约市立大学研究生中心
2689	纽约市立大学亨特学院
2693	纽约市立大学约翰杰刑事司法学院
7022	纽约市立大学雷曼学院
10097	纽约市立大学梅德加埃弗斯学院
2696	纽约市立大学纽约市理工学院
2690	纽约市立大学皇后学院
4759	纽约市立大学约克学院
6477	卡巴勒斯健康科学学院
3241	卡布里尼大学
3351	凯恩大学
2598	考德威尔大学
1125	加州浸会大学
21102	亚利桑那州立大学加州学院
1127	加州艺术学院
12154	加州整合研究学院
1131	加州理工学院
1132	加州艺术学院（CalArts）
1133	加州路德大学
1149	加州州立理工大学洪堡分校
1143	加州州立理工大学圣路易斯奥比斯波分校
1144	加州州立理工大学波莫纳分校
1134	加州州立大学海事学院
7993	加州州立大学贝克斯菲尔德分校
39803	加州州立大学海峡群岛分校
1146	加州州立大学奇科分校
1141	加州州立大学多明格斯山分校
1138	加州州立大学东湾分校
1147	加州州立大学弗雷斯诺分校
1137	加州州立大学富勒顿分校
1139	加州州立大学长滩分校
1140	加州州立大学洛杉矶分校
32603	加州州立大学蒙特雷湾分校
1153	加州州立大学北岭分校
1150	加州州立大学萨克拉门托分校
1142	加州州立大学圣贝纳迪诺分校
30113	加州州立大学圣马科斯分校
1157	加州州立大学斯坦尼斯劳斯分校
1834	卡卢梅特圣约瑟夫学院
2241	加尔文大学
21829	剑桥学院（马萨诸塞）
3150	卡梅伦大学
2913	坎贝尔大学
1959	坎贝尔斯维尔大学
2681	卡尼修斯大学
32673	卡佩拉大学
3023	首府大学
3837	卡迪纳尔斯特里奇大学
34633	职业无限学院
2340	卡尔顿学院
3303	卡洛大学
3242	卡内基梅隆大学
2956	卡罗来纳大学
2526	卡罗尔学院
3838	卡罗尔大学
3481	卡森-纽曼大学
3839	迦太基学院
3024	凯斯西储大学
2914	卡托巴学院
3243	锡达克雷斯特学院
3025	锡达维尔大学
2003	路易斯安那百年学院
2599	百年大学
21758	森特拉学院
1093	中央浸信会学院
1908	堪萨斯中央基督教学院
22664	中央圣经基督教学院
1850	中央学院
1378	中康涅狄格州立大学
2453	中央卫理公会大学
2243	中密歇根大学
4890	中宾夕法尼亚学院
3026	中央州立大学
3771	中华盛顿大学
4776	卢巴维奇中央经学院
1961	森特学院
23344	森图拉学院（弗吉尼亚海滩）
2539	查德伦州立学院
6385	张伯伦大学（伊利诺伊）
1605	檀香山查米纳德大学
3684	尚普兰学院
1164	查普曼大学
3419	查尔斯顿南方大学
25769	查特学院
32343	查特奥克州立学院
3244	查塔姆大学
3245	栗山学院
3317	宾夕法尼亚切尼大学
1694	芝加哥州立大学
1472	奇波拉学院
2916	乔万大学
3482	基督教兄弟大学
3706	克里斯托弗·纽波特大学
10906	辛辛那提殡葬科学学院
3423	南卡罗来纳军事学院（The Citadel）
25154	城市学院（好莱坞）
13022	西雅图城市大学
41191	城市愿景大学
3424	克拉弗林大学
1170	克莱蒙特麦肯纳学院
1559	克拉克亚特兰大大学
3773	克拉克学院
2139	克拉克大学
1852	克拉克大学（爱荷华）
2670	克拉克斯萨米特大学
9862	克拉克森学院
2699	克拉克森大学
8976	克莱顿州立大学
25356	清溪浸信会圣经学院
2246	克利里大学
3425	克莱姆森大学
3982	克利夫兰艺术学院
3031	克利夫兰音乐学院
3032	克利夫兰州立大学
20907	克利夫兰大学（堪萨斯城）
3451	海岸卡罗来纳大学
1854	科伊学院
3427	科克大学
2039	科尔比学院
2572	科尔比-索耶学院
2701	科尔盖特大学
6771	创意研究学院
1471	中佛罗里达学院
3428	查尔斯顿学院
1558	佐治亚海岸学院
2140	埃尔姆斯圣母学院
2341	圣本笃学院
2540	圣玛丽学院
10362	南内华达学院
11385	大西洋学院
2141	圣十字学院
2500	奥扎克学院
9401	科罗拉多基督教大学
1347	科罗拉多学院
1358	科罗拉多梅萨大学
4506	科罗拉多山地学院
1348	科罗拉多矿业大学
42087	科罗拉多州立大学全球校区
1365	科罗拉多州立大学普韦布洛分校
1350	科罗拉多州立大学（柯林斯堡）
10148	科罗拉多技术大学
3774	哥伦比亚盆地学院
2456	哥伦比亚学院（密苏里）
3430	哥伦比亚学院（南卡罗来纳）
1665	芝加哥哥伦比亚学院
3429	哥伦比亚国际大学
41215	哥伦比亚南方大学
2707	哥伦比亚大学
3039	哥伦布艺术与设计学院
1561	哥伦布州立大学
3315	宾州联邦大学布卢姆斯堡分校
9542	丹佛社区学院
41633	指南针电影与媒体学院
3810	康科德大学
2346	穆尔黑德协和学院
1666	芝加哥协和大学
20705	尔湾协和大学
2541	内布拉斯加协和大学
2347	圣保罗协和大学
3557	德克萨斯协和大学
3842	威斯康星协和大学
1379	康涅狄格学院
3431	康弗斯大学
2068	科平州立大学
1339	科尔班大学
1856	康奈尔学院
2711	康奈尔大学
2266	基石大学
12315	西雅图大学康尼什艺术学院
3484	圣约学院
20682	考克斯学院
2542	克瑞顿大学
2383	克朗学院
7304	美国烹饪学院
2460	卡尔弗-斯托克顿学院
3485	坎伯兰大学
2143	柯里学院
2712	达尤维尔大学
2808	戴门大学
3463	达科他州立大学
3461	达科他卫斯理大学
3560	达拉斯浸会大学
6941	达拉斯基督教学院
3956	道尔顿州立学院
2573	达特茅斯学院
2249	达文波特大学
3811	戴维斯与埃尔金斯学院
21691	戴维斯学院
1475	代托纳州立学院
1671	德保罗大学
1792	迪堡大学
3986	德赛尔斯大学
10727	德锐大学（伊利诺伊）
2144	迪恩学院
3041	迪法恩斯学院
1428	特拉华州立大学
11727	特拉华理工社区学院
3252	特拉华谷大学
2403	三角洲州立大学
3042	丹尼森大学
41483	丹佛护理学院
3253	迪金森学院
2989	迪金森州立大学
37243	迪吉彭理工学院
2004	迪拉德大学
2544	多恩大学
1750	多米尼克大学
2713	纽约多米尼克大学
1196	加州多米尼克大学
1859	多尔特大学
1860	德雷克大学
2603	德鲁大学
3256	德雷塞尔大学
2461	德鲁里大学
2920	杜克大学
4641	邓伍迪理工学院
3258	杜肯大学
10198	ECPI大学
21785	鹰门学院（默里）
1793	厄勒姆学院
2923	东卡罗来纳大学
3154	东中央大学
3320	宾夕法尼亚东斯特劳斯堡大学
3487	东田纳西州立大学
3564	东德克萨斯浸会大学
21686	东西大学
1425	东康涅狄格州立大学
1470	东佛罗里达州立学院
1674	东伊利诺伊大学
31226	东方国际学院（泽西城）
1963	东肯塔基大学
3708	东门诺大学
2259	东密歇根大学
2145	东拿撒勒学院
2651	东新墨西哥大学
3193	东俄勒冈大学
3259	东方大学
3775	东华盛顿大学
20537	伊斯特威克学院（拉姆齐）
1487	埃克德学院
3848	埃奇伍德学院
2926	伊丽莎白城州立大学
3262	伊丽莎白镇学院
1676	埃尔姆赫斯特大学
2718	埃尔迈拉学院
2927	伊隆大学
1479	安柏瑞德航空大学
2146	爱默生学院
2147	伊曼纽尔学院
1563	伊曼纽尔大学
3709	埃默里与亨利大学
1564	埃默里大学
10286	帝国州立大学
1927	恩波里亚州立大学
2148	恩迪科特学院
3432	厄斯金学院
1678	尤里卡学院
2463	福音大学
31085	大沼泽地大学
2834	埃克塞尔西奥大学
1385	费尔菲尔德大学
2607	费尔利·狄金森大学（大都会校区）
3812	费尔蒙特州立大学
36894	信心国际大学
2858	纽约州立大学法明代尔学院
11112	时装设计与营销学院（FIDM）
2866	纽约时装技术学院（FIT）
1003	福克纳大学
2928	费耶特维尔州立大学
2610	费利西安大学
2260	费里斯州立大学
3711	费勒姆学院
2150	费舍尔学院
3490	菲斯克大学
2184	菲奇堡州立大学
12561	五镇学院
7893	弗拉格勒学院
1480	佛罗里达农工大学
1481	佛罗里达大西洋大学
1482	佛罗里达学院
1501	佛罗里达门户学院
32553	佛罗里达海湾海岸大学
1469	佛罗里达理工学院
9635	佛罗里达国际大学
1486	佛罗里达纪念大学
25476	佛罗里达国立大学
42634	佛罗里达理工大学
1477	佛罗里达西南州立学院
1488	佛罗里达南方学院
1484	杰克逊维尔佛罗里达州立学院
1489	佛罗里达州立大学
2464	方邦大学
1199	山麓学院
2722	福特汉姆大学
1915	海斯堡州立大学
1353	刘易斯堡学院
1566	福特瓦利州立大学
2185	弗雷明汉州立大学
9226	弗朗西斯·马里恩大学
31062	圣母方济各传教会大学
3036	斯托本维尔方济各大学
1798	富兰克林学院
2575	富兰克林皮尔斯大学
3046	富兰克林大学
39463	欧林工程学院
3265	富兰克林与马歇尔学院
3492	弗里德-哈德曼大学
30399	弗里蒙特大学
1253	弗雷斯诺太平洋大学
1918	弗兰兹大学
2072	弗罗斯特堡州立大学
23621	全帆大学
3434	富尔曼大学
30837	盖伦护理学院（路易斯维尔）
1443	加劳德特大学
3266	甘农大学
2929	加德纳-韦布大学
3267	日内瓦学院
3194	乔治福克斯大学
3749	乔治梅森大学
1444	乔治华盛顿大学
1964	乔治城学院
1445	乔治城大学
1602	佐治亚学院与州立大学
41429	佐治亚格威内特学院
9507	佐治亚高地学院
1569	佐治亚理工学院
1571	佐治亚军事学院
1572	佐治亚南方大学
1573	佐治亚西南州立大学
1574	佐治亚州立大学
2608	乔治亚宫大学
3268	葛底斯堡学院
3813	格伦维尔州立大学
3686	戈达德学院
1205	金门大学
1429	戈尔迪-比肯学院
3778	冈萨加大学
6494	好撒玛利亚人护理与健康科学学院
22449	古德温大学
2153	戈登学院
1575	戈登州立学院
1799	歌珊学院
2073	高彻学院
9145	州长州立大学
2265	恩典基督教大学
1800	恩典学院与神学院
1866	格雷斯兰大学
2006	格兰布林州立大学
1074	大峡谷大学
2268	大河谷州立大学
1867	格兰德维尤大学
3780	格林河学院
2930	格林斯伯勒学院
1684	格林维尔大学
1868	格林内尔学院
2931	吉尔福德学院
1490	海湾海岸州立学院
2353	古斯塔夫·阿道夫学院
3270	格温内斯慈悲大学
10509	霍尔马克大学
2728	汉密尔顿学院
2354	哈姆林大学
3713	汉普登-悉尼学院
4661	汉普郡学院
3714	汉普顿大学
9089	汉尼拔-拉格朗日大学
1801	汉诺威学院
3571	哈丁-西蒙斯大学
1097	哈丁大学
2466	哈里斯-斯托州立大学
39483	哈里斯堡科技大学
2729	哈特威克学院
2155	哈佛大学
1171	哈维穆德学院
10438	哈斯克尔印第安民族大学
2548	黑斯廷斯学院
3274	哈弗福德学院
7279	夏威夷太平洋大学
3048	海德堡大学（俄亥俄）
10153	海伦·富尔德护理学院
1098	亨德森州立大学
1099	亨德里克斯学院
3777	传承大学
9621	赫尔辛大学（麦迪逊）
1920	赫斯顿学院
2933	高点大学
2735	希尔伯特学院
3049	海勒姆学院
2731	霍巴特与威廉史密斯学院
30375	霍奇斯大学
2732	霍夫斯特拉大学
3715	霍林斯大学
7263	圣十字学院（印第安纳）
3275	圣家大学
2076	胡德学院
2273	霍普学院
1252	希望国际大学
2734	霍顿大学
3576	休斯顿基督教大学
3575	霍华德佩恩大学
1448	霍华德大学
1212	汉弗莱斯大学
1019	亨廷登学院
1803	亨廷顿大学
2043	赫森大学
1620	爱达荷州立大学
1688	伊利诺伊学院
1691	伊利诺伊理工学院
1692	伊利诺伊州立大学
1696	伊利诺伊卫斯理大学
3276	伊玛库拉塔大学
1493	印第安河州立学院
1805	印第安纳理工学院
1807	印第安纳州立大学
1809	印第安纳大学伯明顿分校
1811	印第安纳大学东校区
1813	印第安纳大学印第安纳波利斯分校
1814	印第安纳大学科科莫分校
1815	印第安纳大学西北分校
1816	印第安纳大学南本德分校
1817	印第安纳大学东南分校
3277	宾夕法尼亚印第安纳大学
1822	印第安纳卫斯理大学
21464	美国印第安艺术学院
25203	室内设计师学院
2737	艾奥纳大学
1869	爱荷华州立大学
2739	伊萨卡学院
2410	杰克逊州立大学
1020	杰克逊维尔州立大学
1495	杰克逊维尔大学
3721	詹姆斯麦迪逊大学
8495	詹姆斯敦商学院
3637	贾维斯基督教大学
2740	美国犹太神学院
1100	约翰布朗大学
3050	约翰卡罗尔大学
42328	约翰帕特里克健康与应用科学大学
41937	约翰保罗大帝天主教大学
2077	约翰霍普金斯大学
3404	庄臣威尔士大学（普罗维登斯）
2936	约翰逊·C·史密斯大学
3495	约翰逊大学
22708	乔伊斯护理与健康科学大学
1700	贾德森大学
3279	朱尼亚塔学院
2275	卡拉马祖学院
2473	堪萨斯城艺术学院
1928	堪萨斯州立大学
1929	堪萨斯卫斯理大学
2622	肯恩大学
2590	基恩州立学院
21519	凯泽大学（劳德代尔堡）
1577	肯尼索州立大学
3051	肯特州立大学
1965	肯塔基基督教大学
1968	肯塔基州立大学
1969	肯塔基卫斯理学院
3065	凯尼恩学院
7035	凯特林学院
2262	凯特林大学
2744	克尤卡学院
3280	基斯通学院
3496	金大学
3282	国王学院（宾夕法尼亚）
1704	诺克斯学院
3322	宾夕法尼亚库茨敦大学
2311	凯波尔学院
7466	LIM时尚商业学院
3987	拉罗什大学
3287	拉萨尔大学
1215	拉谢拉大学
1578	拉格朗日学院
6324	拉布雷医疗健康学院
3283	拉克万纳学院
3309	拉克万纳学院费城中心（原皮尔斯学院）
3284	拉法叶学院
23305	拉古纳艺术与设计学院
3066	伊利湖学院
1706	森林湖学院
2293	苏必利尔湖州立大学
5373	华盛顿湖理工学院
3854	莱克兰大学
10501	莱克维尤护理学院
3581	拉马尔大学
3285	兰开斯特圣经学院
3435	兰德大学
3499	莱恩学院
3157	兰斯顿大学
2158	拉塞尔大学
2279	劳伦斯理工大学
3856	劳伦斯大学
2748	勒莫恩学院
3584	勒图尔诺大学
3288	黎巴嫩谷学院
3500	李大学
2939	利斯-麦克雷学院
3289	里海大学
2941	勒努瓦-莱恩大学
2160	莱斯利大学
3197	刘易斯与克拉克学院
1707	刘易斯大学
1621	刘易斯-克拉克州立学院
20530	自由大学
22706	生命太平洋大学
20748	生命大学
3436	莱姆斯通大学
1708	林肯基督教大学
3502	林肯纪念大学
2479	林肯大学（密苏里）
3290	林肯大学（宾夕法尼亚）
2480	林登伍德大学
1972	林赛·威尔逊学院
3198	林菲尔德大学
3486	利普斯科姆大学
2942	利文斯通学院
4703	洛根大学
1218	洛马林达大学
2751	长岛大学
3719	朗伍德大学
1873	洛拉斯学院
40373	洛杉矶电影学院
42788	洛杉矶太平洋大学
2007	路易斯安那基督教大学
2014	路易斯安那州立大学健康科学中心（新奥尔良）
8067	路易斯安那州立大学健康科学中心（什里夫波特）
2010	路易斯安那州立大学
2011	路易斯安那州立大学亚历山德里亚分校
2013	路易斯安那州立大学什里夫波特分校
2008	路易斯安那理工大学
3069	卢尔德大学
11649	洛约拉马利蒙特大学
1710	芝加哥洛约拉大学
2078	马里兰洛约拉大学
2016	新奥尔良洛约拉大学
3586	拉伯克基督教大学
1874	路德学院
3293	莱康明学院
1505	林恩大学
2165	麻省药科与健康科学大学（MCPHS）
22316	麻省总医院健康职业学院
2358	麦卡莱斯特学院
2282	麦当娜大学
22233	抹大拉学院
11673	缅因艺术与设计学院
2044	缅因海事学院
3072	马龙大学
1820	曼彻斯特大学（印第安纳）
1931	曼哈顿基督教学院
2758	曼哈顿学院
2759	曼哈顿音乐学院
2760	曼哈顿维尔学院
23172	马拉纳萨浸信会大学
2763	奥尔巴尼玛丽亚学院
1821	玛丽安大学（印第安纳）
3861	玛丽安大学（威斯康星）
3073	玛丽埃塔学院
2765	玛丽斯特学院
3863	马凯特大学
2944	马尔斯山大学
3815	马歇尔大学
2361	马丁路德学院
3723	玛丽鲍德温大学
2080	马里兰艺术学院（MICA）
2769	曼哈顿玛丽蒙特学院
3724	玛丽蒙特大学
3505	玛丽维尔学院
2482	圣路易斯玛丽维尔大学
3296	玛丽伍德大学
2180	马萨诸塞艺术与设计学院
2187	马萨诸塞文理学院
2178	麻省理工学院
2181	马萨诸塞海事学院
11732	梅奥医学中心医学与科学学院
2993	梅维尔州立大学
2109	麦克丹尼尔学院
1722	麦肯德里大学
3591	麦克默里大学
2017	麦克尼斯州立大学
1933	麦克弗森学院
2777	梅达耶大学
3438	南卡罗来纳医科大学
1236	门洛学院
1580	默瑟大学
6273	慈悲健康科学学院（爱荷华）
30970	俄亥俄慈悲学院
2772	慈悲大学（纽约）
3297	默西赫斯特大学
2945	梅雷迪思学院
2120	梅里马克学院
7264	梅西夫塔托拉沃达阿斯拉比神学院
3298	弥赛亚大学
6228	卫理公会学院
2946	卫理公会大学
9769	纽约大都会学院
10374	大都会州立大学（明尼苏达）
1360	丹佛大都会州立大学
1506	迈阿密戴德学院
8878	迈阿密国际艺术与设计大学
41284	迈阿密地区大学
3077	迈阿密大学（牛津校区）
2290	密歇根州立大学
2292	密歇根理工大学
6942	中美洲基督教大学
10618	中美洲殡葬服务学院
22809	中大西洋基督教大学
7032	中美洲拿撒勒大学
1581	中佐治亚州立大学
3510	中田纳西州立大学
3691	明德学院
2553	米德兰大学
1975	米德韦大学
2485	中西部浸信会神学院
3592	中西部州立大学
23068	米勒-莫特学院（查塔努加）
3325	宾夕法尼亚米勒斯维尔大学
3511	米利根大学
1724	米利金大学
2414	米尔萨普斯学院
20771	密尔沃基艺术与设计学院
3868	密尔沃基工程学院
2365	明尼阿波利斯艺术与设计学院
2360	明尼苏达州立大学曼卡托分校
2367	明尼苏达州立大学穆尔黑德分校
2994	迈诺特州立大学
3247	米塞里科迪亚大学
2415	密西西比学院
2423	密西西比州立大学
2422	密西西比女子大学
2424	密西西比河谷州立大学
7540	密苏里浸会大学
2488	密苏里南方州立大学
2503	密苏里州立大学
2517	密苏里科技大学
2489	密苏里谷学院
2490	密苏里西部州立大学
1393	米切尔学院
2775	莫洛伊学院
1725	蒙茅斯学院
2616	蒙茅斯大学
4799	门罗学院
2532	蒙大拿州立大学
2530	蒙大拿州立大学比林斯分校
2533	蒙大拿州立大学北方分校
2531	蒙大拿理工大学
2617	蒙特克莱尔州立大学
2948	蒙特里特学院
20630	蒙特塞拉特艺术学院
1727	慕迪圣经学院
3300	摩尔艺术与设计学院
3301	摩拉维亚大学
1976	莫尔黑德州立大学
1582	莫尔豪斯学院
2083	摩根州立大学
1879	莫宁赛德大学
3439	莫里斯学院
3302	圣阿洛伊修斯山学院
30719	卡梅尔山护理学院
2192	曼荷莲学院
3465	马蒂山大学
3869	圣玛丽山大学（威斯康星）
1880	慈悲山大学
2778	圣玛丽山学院（纽约）
1243	圣玛丽山大学（洛杉矶）
3033	圣约瑟夫山大学
2086	圣玛丽山大学（马里兰）
7085	弗农山拿撒勒大学
3304	穆伦堡学院
3206	马特诺玛大学
1977	默里州立大学
3084	马斯金格姆大学
21175	那洛巴大学
4057	国立美国大学（拉皮德城）
1733	国立路易斯大学
41574	国立律师助理学院
11460	国立大学（加州）
13007	拿撒勒圣经学院
2779	拿撒勒大学
6404	内布拉斯加卫理公会护理与辅助健康学院
2555	内布拉斯加卫斯理大学
2087	内尔以色列拉比学院
3988	纽曼大学（宾夕法尼亚）
41143	内华达州立大学
39574	佛罗里达新学院
2579	新英格兰学院
7845	新英格兰理工学院
2613	新泽西城市大学
2621	新泽西理工学院
2653	新墨西哥高地大学
2654	新墨西哥矿业与科技学院
2657	新墨西哥州立大学
41188	纽约电影学院
2782	纽约理工学院
2785	纽约大学
3440	纽伯里学院
1939	纽曼大学（堪萨斯）
30439	新建筑与设计学院
2788	尼亚加拉大学
2005	尼科尔斯州立大学
2197	尼科尔斯学院
41795	北美大学
2905	北卡罗来纳农工州立大学
2950	北卡罗来纳中央大学
2972	北卡罗来纳州立大学
2951	北卡罗来纳卫斯理大学
1734	北中央学院
2369	北中央大学
2997	北达科他州立大学
3441	北格林维尔大学
1735	北园大学
9704	北西雅图学院
1693	东北伊利诺伊大学
3161	东北州立大学
2199	东北大学
1082	北亚利桑那大学
1737	北伊利诺伊大学
9275	北肯塔基大学
2301	北密歇根大学
3466	北方州立大学
3875	诺斯兰学院
35705	北点圣经学院
26021	西北艺术与设计学院
1510	西北佛罗里达州立学院
21800	西北印第安学院
2496	西北密苏里州立大学
1624	西北拿撒勒大学
3783	西北大学（华盛顿州）
1883	西北学院（爱荷华）
2302	西北密歇根学院
3163	西北俄克拉荷马州立大学
2021	路易斯安那西北州立大学
1739	西北大学
4072	诺斯伍德大学
3692	诺维奇大学
25782	诺西艺术与设计学院
3085	圣母学院（俄亥俄）
1179	圣母纳慕尔大学
2065	马里兰圣母大学
1509	诺瓦东南大学
22141	橡树点大学
1824	奥克兰城大学
2307	奥克兰大学（密歇根）
1033	奥克伍德大学
3086	欧柏林学院
1249	西方学院
14659	奥格拉拉拉科塔学院
1586	奥格尔索普大学
3030	俄亥俄基督教大学
3035	俄亥俄多明我大学
3089	俄亥俄北方大学
3090	俄亥俄州立大学
3100	俄亥俄大学
3109	俄亥俄卫斯理大学
3164	俄克拉荷马浸会大学
3165	俄克拉荷马基督教大学
3166	俄克拉荷马城市大学
3174	俄克拉荷马狭长地带州立大学
3172	俄克拉荷马州立大学理工学院
3170	俄克拉荷马州立大学
3151	俄克拉荷马卫斯理大学
3728	欧道明大学
1741	奥利维特拿撒勒大学
3784	奥林匹克学院
3985	奥罗尔·罗伯茨大学
4882	俄勒冈健康与科学大学
3211	俄勒冈理工学院
3210	俄勒冈州立大学
12064	猎户座技术学院
1251	奥蒂斯艺术与设计学院
1937	渥太华大学（堪萨斯）
3110	奥特本大学
1102	沃希托浸会大学
3598	湖畔圣母大学
22027	奥扎克基督教学院
2791	佩斯大学
32993	太平洋学院
3785	太平洋路德大学
1255	太平洋橡树学院
42527	环太平洋基督教大学
1258	太平洋联合学院
3212	太平洋大学
8849	棕榈滩大西洋大学
1512	棕榈滩州立学院
2498	帕克大学
23053	帕克大学（德克萨斯）
10652	帕斯科-埃尔南多州立学院
2795	保罗史密斯文理学院
21073	宾夕法尼亚美术学院
22699	宾夕法尼亚艺术与设计学院
3395	宾夕法尼亚技术学院
3316	宾州西部大学加利福尼亚校区
1513	彭萨科拉州立学院
10149	佩珀代因大学
2559	秘鲁州立学院
2955	法伊弗大学
1103	菲兰德·史密斯大学
1588	皮埃蒙特大学
36663	支柱学院
22171	皮马医学院（图森）
1926	匹兹堡州立大学
7437	匹兹堡技术学院
1172	匹泽学院
30149	普拉特学院（奥罗拉）
30627	普拉特学院（洛杉矶）
12358	广场学院
2591	普利茅斯州立大学
1262	波因特洛马拿撒勒大学
3357	波因特帕克大学
1547	波因特大学
1514	波尔克州立学院
1173	波莫纳学院
3216	波特兰州立大学
1401	波斯特大学
3630	草原景农工大学
2798	普瑞特艺术学院
3445	长老会学院
2627	普林斯顿大学
41539	普罗维登斯基督教学院
3406	普罗维登斯学院
23608	普罗沃学院
1825	普渡大学
1828	普渡大学韦恩堡分校
4586	普渡大学全球校区
1827	普渡大学西北分校
2957	夏洛特女王大学
1745	昆西大学
1402	昆尼皮亚克大学
8614	博博夫锡安之子拉比学院
3732	拉德福德大学
9344	新泽西拉马波学院
10266	兰德尔大学
3734	伦道夫学院
3733	伦道夫-梅肯学院
12500	兰肯技术学院
8694	拉斯穆森大学（明尼苏达）
3217	里德学院
30913	里根特大学
2206	里吉斯学院
1363	里吉斯大学
1589	莱因哈特大学
30265	雷明顿学院（达拉斯）
2803	伦斯勒理工学院
6392	研究护理学院
3407	罗德岛学院
3409	罗德岛设计学院
3519	罗德学院
3604	莱斯大学
2628	莱德大学
12574	林林艺术与设计学院
3884	里彭学院
2586	里维尔大学
3736	罗阿诺克学院
3359	罗伯特莫里斯大学
2805	罗伯茨卫斯理大学
2806	罗切斯特理工学院
2288	罗切斯特大学（密歇根）
1748	罗克福德大学
2499	罗克赫斯特大学
2534	落基山学院
7649	落基山艺术与设计学院
3410	罗杰威廉姆斯大学
3168	罗杰斯州立大学
1515	罗林斯学院
1749	罗斯福大学
1830	罗斯-霍曼理工学院
40653	罗斯曼健康科学大学
3360	罗斯蒙特学院
2609	罗文大学
9800	拉什大学
2810	罗素塞奇学院
2433	拉斯特学院
2629	罗格斯大学新布朗斯维克分校
37524	SUM圣经学院与神学院
2841	纽约州立大学布罗克波特分校
2842	纽约州立大学布法罗州立大学
2845	纽约州立大学杰纳西奥分校
2849	纽约州立大学普拉茨堡分校
2850	纽约州立大学波茨坦分校
2856	纽约州立大学科布尔斯基尔农业技术学院
2851	纽约州立大学环境科学与林业学院
2854	纽约州立大学阿尔弗雷德技术学院
2855	纽约州立大学坎顿技术学院
2857	纽约州立大学德里技术学院
2839	纽约州立大学下州健康科学大学
2853	纽约州立大学海事学院
2859	纽约州立大学莫里斯维尔分校
7109	纽约州立大学老韦斯特伯里分校
2847	纽约州立大学奥尼昂塔分校
11678	纽约州立大学理工学院
2844	纽约州立大学弗雷多尼亚分校
6791	纽约州立大学帕切斯学院
1403	圣心大学
2314	萨吉诺谷州立大学
1889	圣安布罗斯大学
2587	圣安塞姆学院
9987	圣安东尼护理学院
2968	圣奥古斯丁大学
2377	圣克劳德州立大学
3621	圣爱德华大学
2600	圣伊丽莎白大学
6240	圣方济各医疗中心护理学院
3366	圣方济各大学
1523	圣约翰斯河州立学院
2379	圣约翰大学（明尼苏达）
2051	缅因圣约瑟夫学院
3367	圣约瑟夫大学（费城）
1526	圣利奥大学
2506	圣路易斯大学
3794	圣马丁大学
1836	圣玛丽学院（印第安纳）
1302	加州圣玛丽学院
2380	明尼苏达圣玛丽大学
1835	圣玛丽森林学院
3694	圣迈克尔学院
3892	圣诺伯特学院
2638	圣彼得大学
3368	圣文森特学院
1768	圣泽维尔大学
2960	塞勒姆学院
2188	塞勒姆州立大学
3820	塞勒姆大学
2091	索尔兹伯里大学
21434	萨利什库特奈学院
3411	萨尔维·里贾纳大学
3606	萨姆休斯顿州立大学
1036	桑福德大学
7012	塞缪尔·梅里特大学
12031	圣地亚哥基督教学院
1151	圣地亚哥州立大学
1278	旧金山音乐学院
1154	旧金山州立大学
21207	圣华金谷学院（维塞利亚）
1326	圣克拉拉大学
1519	圣塔菲学院
2813	莎拉劳伦斯学院
21415	萨凡纳艺术与设计学院
1590	萨凡纳州立大学
7468	纽约视觉艺术学院
1753	芝加哥艺术学院
3610	施赖纳大学
3787	西雅图中央学院
42580	西雅图电影学院
3788	西雅图太平洋大学
3790	西雅图大学
1520	佛罗里达塞米诺尔州立学院
31065	森塔拉健康科学学院
2632	西东大学
3362	西顿山大学
2962	肖大学
9942	肖尼州立大学
3737	谢南多厄大学
3822	谢泼德大学
3326	宾夕法尼亚希彭斯堡大学
1591	肖特大学
2816	锡耶纳学院
2316	锡耶纳高地大学
2208	西蒙斯大学
1887	辛普森学院
1291	辛普森大学
2814	斯基德莫尔学院
3327	宾夕法尼亚滑石大学
36393	史密斯·查森学院
2209	史密斯学院
3679	斯诺学院
38144	美国创价大学
1156	索诺马州立大学
3446	南卡罗来纳州立大学
4938	南方学院（田纳西）
3470	南达科他矿业理工学院
3471	南达科他州立大学
1522	南佛罗里达州立学院
1592	南佐治亚州立学院
31034	南德克萨斯学院
13039	南方大学（萨凡纳）
2501	东南密苏里州立大学
2024	东南路易斯安那大学
3179	东南俄克拉荷马州立大学
1521	东南大学（佛罗里达）
3518	南方复临大学
1107	南阿肯色大学
31136	南加州理工学院
1406	南康涅狄格州立大学
1758	南伊利诺伊大学卡本代尔分校
1759	南伊利诺伊大学爱德华兹维尔分校
3613	南卫理公会大学
3149	南拿撒勒大学
2580	南新罕布什尔大学
3219	南俄勒冈大学
2025	南方大学（巴吞鲁日）
2026	南方大学新奥尔良分校
3678	南犹他大学
3738	南弗吉尼亚大学
3422	南方卫斯理大学
2502	西南浸会大学
2375	西南明尼苏达州立大学
41317	埃尔帕索西南大学
3619	西南复临大学
3616	西南神召会大学
3180	西南基督教大学
1940	西南学院
3181	西南俄克拉荷马州立大学
3620	西南大学
1960	斯伯丁大学
7678	斯巴达航空与技术学院
1594	斯佩尔曼学院
2318	斯普林阿伯大学
1041	斯普林希尔学院
2211	斯普林菲尔德学院
21854	圣奥古斯丁学院（芝加哥）
2817	圣文德大学
2342	圣凯瑟琳大学
2820	圣方济各学院（纽约）
2821	圣约翰费舍尔大学
2092	圣约翰学院（马里兰）
2093	圣约翰学院（新墨西哥）
30980	圣约翰学院护理系（伊利诺伊）
2823	圣约翰大学（纽约）
2825	圣约瑟夫大学（纽约）
2829	圣劳伦斯大学
7291	圣卢克学院
2095	马里兰圣玛丽学院
3623	圣玛丽大学（德克萨斯）
2382	圣奥拉夫学院
1528	圣彼得堡学院
2832	圣托马斯阿奎那学院
1468	圣托马斯大学（佛罗里达）
1305	斯坦福大学
1504	佛罗里达州立学院（马纳蒂-萨拉索塔）
2843	纽约州立大学科特兰分校
2846	纽约州立大学新帕尔茨分校
2848	纽约州立大学奥斯威戈分校
3624	斯蒂芬·F·奥斯汀州立大学
2512	斯蒂芬斯学院
1945	斯特林学院
1531	斯泰森大学
2639	史蒂文斯理工学院
8552	史蒂文斯商业与艺术学院
2107	史蒂文森大学
9345	斯托克顿大学
2217	石山学院
2838	纽约州立大学石溪分校
1459	斯特雷耶大学（华盛顿特区）
2218	萨福克大学
3625	苏尔罗斯州立大学
4619	沙利文大学
3369	萨斯奎哈纳大学
3370	斯沃斯莫尔学院
2882	雪城大学
1046	塔拉迪加学院
41155	博博夫塔木德神学院
3631	塔尔顿州立大学
1838	泰勒大学
3371	天普大学
3522	田纳西州立大学
3523	田纳西理工大学
3525	田纳西卫斯理大学
9651	德州农工国际大学
42295	德州农工大学中德克萨斯分校
3632	德州农工大学（大学城）
3565	德州农工大学商业分校
11161	德州农工大学科珀斯克里斯蒂分校
3639	德州农工大学金斯维尔分校
42485	德州农工大学圣安东尼奥分校
31703	德州农工大学特克萨卡纳分校
13231	德州农工大学维多利亚分校（原休斯顿大学维多利亚分校）
3636	德克萨斯基督教大学
3638	德克萨斯学院
3641	德克萨斯路德大学
3642	德克萨斯南方大学
3615	德克萨斯州立大学
3644	德州理工大学
10674	德州理工大学健康科学中心
3645	德克萨斯卫斯理大学
3646	德克萨斯女子大学
9270	亚特兰大艺术学院
21171	休斯顿艺术学院
1437	美国天主教大学
21553	芝加哥职业心理学院洛杉矶校区
6489	基督护理与健康科学学院
31281	医疗保健职业学院（西北校区）
1617	爱达荷学院
2642	新泽西学院
2705	圣罗斯学院
2343	圣斯科拉斯蒂卡学院
5208	韦斯特切斯特学院
3037	伍斯特学院
2710	库伯联盟学院
8155	常青州立学院
2742	茱莉亚学院
35163	国王大学（德克萨斯）
1220	大师大学与神学院
2194	新英格兰音乐学院
20662	新学院（帕森斯所属）
3329	宾夕法尼亚州立大学
3045	芬德利大学
2536	蒙大拿大学
2537	蒙大拿大学西部分校
2308	奥利维特大学
1538	坦帕大学
6725	田纳西大学健康科学中心
3504	田纳西大学南方分校
3529	田纳西大学查塔努加分校
3531	田纳西大学马丁分校
3530	田纳西大学诺克斯维尔分校
4951	德州大学休斯顿健康科学中心
3659	德州大学圣安东尼奥健康科学中心
25554	德州大学MD安德森癌症中心
4952	德州大学加尔维斯顿医学分部
9930	德州大学二叠纪盆地分校
3599	德州大学里奥格兰德河谷分校
3656	德州大学阿灵顿分校
3658	德州大学奥斯汀分校
9741	德州大学达拉斯分校
3661	德州大学埃尔帕索分校
10115	德州大学圣安东尼奥分校
11163	德州大学泰勒分校
3534	南方大学（塞沃尼）
3376	蒂尔学院
23580	托马斯阿奎那学院
2052	托马斯学院
21922	托马斯爱迪生州立大学
12393	托马斯杰斐逊大学
30431	托马斯莫尔文理学院
2001	托马斯莫尔大学
1555	托马斯大学
3121	蒂芬大学
1596	托科阿瀑布学院
2439	图加卢学院
10142	图罗大学
41426	图罗大学加州分校
41425	图罗大学全球校区
2099	陶森大学
1987	特兰西瓦尼亚大学
3526	特雷维卡拿撒勒大学
1839	特莱恩大学
31019	三一浸信会学院
12059	三一圣经学院与研究生院
1771	三一基督教学院
1414	三一学院（康涅狄格）
6225	三一护理与健康科学学院
1772	三一国际大学
3647	三一大学（德克萨斯）
1460	三一华盛顿大学
2812	特罗凯尔学院
1047	特洛伊大学
1597	特鲁特·麦康奈尔大学
2495	杜鲁门州立大学
2219	塔夫茨大学
2029	杜兰大学
3527	塔斯库勒姆大学
1050	塔斯基吉大学
2563	联合复临大学
1988	联合学院（肯塔基）
2889	联合学院（纽约）
3528	联合大学（田纳西）
2892	美国商船学院
11189	联合塔木德神学院
6858	团结环境大学
2835	纽约州立大学奥尔巴尼分校
2837	纽约州立大学布法罗分校
25590	先进技术大学
3123	阿克伦大学
1051	阿拉巴马大学
1052	阿拉巴马大学伯明翰分校
1055	阿拉巴马大学亨茨维尔分校
11462	阿拉斯加大学安克雷奇分校
1063	阿拉斯加大学费尔班克斯分校
1065	阿拉斯加大学东南分校
34275	羚羊谷大学
1083	亚利桑那大学
1108	阿肯色大学
41223	阿肯色大学格兰瑟姆分校
1101	阿肯色大学小石城分校
1085	阿肯色大学蒙蒂塞洛分校
1086	阿肯色大学派恩布拉夫分校
1109	阿肯色大学医学科学院
1110	阿肯色大学史密斯堡分校
2102	巴尔的摩大学
1416	布里奇波特大学
1312	加州大学伯克利分校
1313	加州大学戴维斯分校
1314	加州大学尔湾分校
1315	加州大学洛杉矶分校
41271	加州大学默塞德分校
1316	加州大学河滨分校
1317	加州大学圣地亚哥分校
1320	加州大学圣塔芭芭拉分校
1321	加州大学圣克鲁兹分校
1092	中阿肯色大学
3954	中佛罗里达大学
2454	中密苏里大学
3152	中俄克拉荷马大学
3818	查尔斯顿大学
1774	芝加哥大学
3125	辛辛那提大学
1370	科罗拉多大学博尔德分校
4509	科罗拉多大学科罗拉多斯普林斯分校
4508	科罗拉多大学丹佛分校/安舒茨医学校区
1417	康涅狄格大学
3651	达拉斯大学
3127	代顿大学
1431	特拉华大学
1371	丹佛大学
2323	底特律慈悲大学
1891	迪比克大学
1795	埃文斯维尔大学
1535	佛罗里达大学
1598	佐治亚大学
1422	哈特福德大学
1611	夏威夷大学希洛分校
1610	夏威夷大学马诺阿分校
21078	夏威夷大学西瓦胡分校
2023	圣十字大学（新奥尔良）
3652	休斯顿大学
11711	休斯顿大学清湖分校
3612	休斯顿大学市中心分校
1626	爱达荷大学
1776	伊利诺伊大学芝加哥分校
9333	伊利诺伊大学斯普林菲尔德分校
1775	伊利诺伊大学厄巴纳-香槟分校
1804	印第安纳波利斯大学
1892	爱荷华大学
2990	詹姆斯敦大学
1948	堪萨斯大学
1989	肯塔基大学
1216	拉文大学
2031	路易斯安那大学拉法叶分校
2020	路易斯安那大学门罗分校
1999	路易斯维尔大学
3720	林奇堡大学
2053	缅因大学
6760	缅因大学奥古斯塔分校
2040	缅因大学法明顿分校
2041	缅因大学肯特堡分校
2033	缅因大学普雷斯克岛分校
2992	玛丽大学
3588	玛丽哈丁-贝勒大学
3746	玛丽华盛顿大学
2106	马里兰大学东岸分校
11644	马里兰大学全球校区
2104	马里兰大学巴尔的摩分校
2105	马里兰大学巴尔的摩郡分校
2103	马里兰大学帕克分校
2221	马萨诸塞大学阿默斯特分校
2222	马萨诸塞大学波士顿分校
2210	马萨诸塞大学达特茅斯分校
41618	马萨诸塞大学全球校区
2161	马萨诸塞大学洛厄尔分校
3509	孟菲斯大学
1536	迈阿密大学
2325	密歇根大学安娜堡分校
2326	密歇根大学迪尔伯恩分校
2327	密歇根大学弗林特分校
4069	明尼苏达大学克鲁克斯顿分校
2388	明尼苏达大学德卢斯分校
2389	明尼苏达大学莫里斯分校
3969	明尼苏达大学双城分校
2440	密西西比大学
2516	密苏里大学哥伦比亚分校
2518	密苏里大学堪萨斯城分校
2519	密苏里大学圣路易斯分校
1029	莫比尔大学
1004	蒙特瓦洛大学
2949	橄榄山大学
2703	圣文森特山大学
3083	芒特尤宁大学
6895	内布拉斯加大学医学中心
2551	内布拉斯加大学科尔尼分校
2554	内布拉斯加大学奥马哈分校
2565	内布拉斯加大学林肯分校
2569	内华达大学拉斯维加斯分校
2568	内华达大学里诺分校
2050	新英格兰大学
2589	新罕布什尔大学
1397	纽黑文大学
2663	新墨西哥大学
2015	新奥尔良大学
1016	北阿拉巴马大学
2907	北卡罗来纳大学阿什维尔分校
3981	北卡罗来纳大学艺术学院
2984	北卡罗来纳大学威尔明顿分校
2974	北卡罗来纳大学教堂山分校
2975	北卡罗来纳大学夏洛特分校
2976	北卡罗来纳大学格林斯伯勒分校
2954	北卡罗来纳大学彭布罗克分校
3005	北达科他大学
9841	北佛罗里达大学
1585	北佐治亚大学
3594	北德克萨斯大学
42421	北德克萨斯大学达拉斯分校
1349	北科罗拉多大学
1890	北爱荷华大学
4861	西北俄亥俄大学
2371	西北大学（圣保罗）
1840	圣母大学
3184	俄克拉荷马大学
3223	俄勒冈大学
3378	宾夕法尼亚大学
20988	凤凰城大学（亚利桑那）
1980	派克维尔大学
3379	匹兹堡大学
3224	波特兰大学
2527	普罗维登斯大学（蒙大拿）
3797	普吉特海湾大学
1322	雷德兰兹大学
3414	罗德岛大学
3744	里士满大学
3116	里奥格兰德大学
2894	罗切斯特大学
1832	圣方济各大学（韦恩堡）
1409	圣约瑟夫大学（康涅狄格）
1943	圣玛丽大学（堪萨斯）
10395	圣地亚哥大学
1325	旧金山大学
3167	俄克拉荷马科学与艺术大学
3384	斯克兰顿大学
1177	硅谷大学
3469	苏福尔斯大学
1057	南阿拉巴马大学
3449	南卡罗来纳大学艾肯分校
3450	南卡罗来纳大学博福特分校
3448	南卡罗来纳大学（哥伦比亚）
6951	南卡罗来纳大学北部分校
3474	南达科他大学
1537	南佛罗里达大学
1328	南加州大学
1808	南印第安纳大学
2054	南缅因大学
2441	南密西西比大学
1664	圣方济各大学（伊利诺伊）
2345	圣托马斯大学（明尼苏达）
3654	圣托马斯大学（德克萨斯）
3131	托莱多大学
3185	塔尔萨大学
3675	犹他大学
3306	福吉谷大学
3696	佛蒙特大学
3747	弗吉尼亚大学怀斯学院
3745	弗吉尼亚大学
3798	华盛顿大学（西雅图）
1024	西阿拉巴马大学
3955	西佛罗里达大学
1601	西佐治亚大学
3917	威斯康星大学欧克莱尔分校
3899	威斯康星大学绿湾分校
3919	威斯康星大学拉克罗斯分校
3895	威斯康星大学麦迪逊分校
3896	威斯康星大学密尔沃基分校
3920	威斯康星大学奥什科什分校
5015	威斯康星大学帕克赛德分校
3921	威斯康星大学普拉特维尔分校
3923	威斯康星大学河瀑分校
3924	威斯康星大学史蒂文斯角分校
3915	威斯康星大学斯托特分校
3925	威斯康星大学苏必利尔分校
3926	威斯康星大学怀特沃特分校
3932	怀俄明大学
3350	艺术大学（费城）
1962	坎伯兰兹大学
1441	哥伦比亚特区大学
3578	道成肉身大学
1094	奥扎克大学
1329	太平洋大学（加州）
2650	西南大学（新墨西哥）
1893	上爱荷华大学
2840	纽约州立大学上州医科大学
3385	乌尔辛纳斯学院
3134	乌尔苏拉学院
38023	基里亚斯约珥大经学院
3677	犹他州立大学
3671	犹他理工大学
4027	犹他谷大学
2883	尤蒂卡大学
1599	瓦尔多斯塔州立大学
6750	瓦伦西亚学院
3008	谷城州立大学
1842	瓦尔帕莱索大学
1778	范德库克音乐学院
3535	范德堡大学
1293	南加州先锋大学
2895	瓦萨学院
2665	沃恩航空与技术学院
3698	佛蒙特州立大学
2896	维拉玛丽亚学院
3388	维拉诺瓦大学
1843	文森斯大学
3735	弗吉尼亚联邦大学
3753	弗吉尼亚军事学院
3754	弗吉尼亚理工大学
3764	弗吉尼亚州立大学
3766	弗吉尼亚联合大学
3767	弗吉尼亚卫斯理大学
39823	可见音乐学院
3911	维特博大学
3455	沃里斯大学
1844	沃巴什学院
10130	韦德学院
2899	瓦格纳学院
2978	维克森林大学
25042	瓦尔登大学
1895	沃尔多夫大学
3799	瓦拉瓦拉大学
21928	胡桃山学院
4071	沃尔什学院
3135	沃尔什大学
3225	华纳太平洋大学
8848	华纳大学
2979	沃伦威尔逊学院
1896	沃特堡学院
1949	沃什伯恩大学
3389	华盛顿与杰斐逊学院
2067	华盛顿复临大学
2108	华盛顿学院
3800	华盛顿州立大学
2520	圣路易斯华盛顿大学
3768	华盛顿与李大学
3663	韦兰浸会大学
2566	韦恩州立学院
2329	韦恩州立大学
3391	韦恩斯堡大学
2900	韦伯造船学院
1540	韦伯国际大学
3680	韦伯州立大学
2521	韦伯斯特大学
2224	韦尔斯利学院
2901	韦尔斯学院
3801	韦纳奇谷学院
2225	温特沃斯理工学院
1600	卫斯理女子学院（佐治亚）
1424	卫斯理安大学
3328	宾夕法尼亚西切斯特大学
36983	西海岸大学（洛杉矶）
3823	西自由大学
3665	西德州农工大学
3826	西弗吉尼亚州立大学
3827	西弗吉尼亚大学
3828	西弗吉尼亚大学帕克斯堡分校
3830	西弗吉尼亚卫斯理学院
2981	西卡罗来纳大学
1372	西科罗拉多大学
1380	西康涅狄格州立大学
33394	西部州长大学
1780	西伊利诺伊大学
2002	西肯塔基大学
2330	西密歇根大学
2226	西新英格兰大学
2664	西新墨西哥大学
3209	西俄勒冈大学
3802	西华盛顿大学
2189	韦斯特菲尔德州立大学
2523	威斯敏斯特学院（密苏里）
3392	威斯敏斯特学院（宾夕法尼亚）
3681	威斯敏斯特大学（犹他）
1341	韦斯特蒙特学院
1781	惠顿学院（伊利诺伊）
2227	惠顿学院（马萨诸塞）
3831	惠灵大学
3803	惠特曼学院
1342	惠蒂尔学院
3804	惠特沃斯大学
1950	威奇托州立大学
3313	威德纳大学
3141	威尔伯福斯大学
3669	怀利大学
3394	威尔克斯大学
3227	威拉米特大学
3705	威廉玛丽学院
2447	威廉凯里大学
1281	威廉杰瑟普大学
2524	威廉朱厄尔学院
2625	新泽西威廉帕特森大学
2953	威廉皮斯大学
1900	威廉佩恩大学
2525	威廉伍兹大学
1106	威廉姆斯浸会大学
2229	威廉姆斯学院
3142	威尔明顿学院（俄亥俄）
7948	威尔明顿大学（特拉华）
3396	威尔逊学院
2985	温盖特大学
2394	威诺纳州立大学
2986	温斯顿-塞勒姆州立大学
3456	温思罗普大学
21366	威斯康星路德学院
3143	威登堡大学
3457	沃福德学院
1343	伍德伯里大学
2233	伍斯特理工学院
2190	伍斯特州立大学
3078	莱特州立大学
3144	泽维尔大学
2032	路易斯安那泽维尔大学
3805	亚基马谷学院
1426	耶鲁大学
30001	伊姆雷约瑟夫斯平卡大经学院
22624	奥尔埃尔乔农哈巴德西海岸塔木德神学院
34963	罗克兰沙雷托拉经学院
2903	叶史瓦大学
41381	马赫兹凯哈达斯经学院
41234	贝尔伊扎克经学院
13027	维兹尼茨经学院
3399	宾夕法尼亚约克学院
2567	约克大学（内布拉斯加）
1604	扬哈里斯学院
3145	扬斯敦州立大学
